utt_id,wav_path,text,speaker_id,language
SSB00050001,wavs/SSB00050001.wav,广州女大学生登山失联四天警方找到疑似女尸,speaker_a,zh
SSB00050002,wavs/SSB00050002.wav,尊重科学规律的要求,speaker_a,zh
SSB00050003,wavs/SSB00050003.wav,七路无人售票,speaker_a,zh
SSB00050004,wavs/SSB00050004.wav,黑客宣布只要拨打某一个电话,speaker_a,zh
SSB00050005,wavs/SSB00050005.wav,北京万科总经理刘肖的观点极具代表性,speaker_a,zh
SSB00050006,wavs/SSB00050006.wav,五百四十五万七千一百二十二,speaker_a,zh
SSB00050007,wavs/SSB00050007.wav,广州大学城女尸案嫌疑犯变供称死者为女友,speaker_a,zh
SSB00050008,wavs/SSB00050008.wav,搜狐娱乐讯据台湾媒体报道,speaker_a,zh
SSB00050009,wavs/SSB00050009.wav,北郊,speaker_a,zh
SSB00050010,wavs/SSB00050010.wav,职业联赛该干的让职业联赛干,speaker_a,zh
SSB00050011,wavs/SSB00050011.wav,娱乐天空,speaker_a,zh
SSB00050012,wavs/SSB00050012.wav,儿子趁机玩儿爸爸的手机,speaker_a,zh
SSB00050013,wavs/SSB00050013.wav,未来广州将把高铁引进市区,speaker_a,zh
SSB00050014,wavs/SSB00050014.wav,将于十一月二十一日早七点在东方明珠塔下跑起,speaker_a,zh
SSB00050015,wavs/SSB00050015.wav,经广州日报报道后成为了社会热点,speaker_a,zh
SSB00050016,wavs/SSB00050016.wav,反倒会伤害国家队的长远利益,speaker_a,zh
SSB00050017,wavs/SSB00050017.wav,他前天举办粉丝见面会,speaker_a,zh
SSB00050018,wavs/SSB00050018.wav,五百五十二万六千零三,speaker_a,zh
SSB00050019,wavs/SSB00050019.wav,带动服务经济社会发展,speaker_a,zh
SSB00050020,wavs/SSB00050020.wav,该机场紧急处置一起非法干扰航班事件,speaker_a,zh
SSB00050021,wavs/SSB00050021.wav,购买高价项目的客群心态也在发生改变,speaker_a,zh
SSB00050022,wavs/SSB00050022.wav,广州女孩儿失联剧情反转因诈骗被拘一直隐瞒身份,speaker_a,zh
SSB00050023,wavs/SSB00050023.wav,一百家新型产业公司平均实现营业收入四亿元,speaker_a,zh
SSB00050024,wavs/SSB00050024.wav,除了提高产品品质外,speaker_a,zh
SSB00050025,wavs/SSB00050025.wav,他们的价格大都在二三千万之间,speaker_a,zh
SSB00050027,wavs/SSB00050027.wav,特斯拉官网官微被黑客劫持宣布免费运车搜狐科技,speaker_a,zh
SSB00050028,wavs/SSB00050028.wav,十路无人售票第一人民医院站,speaker_a,zh
SSB00050029,wavs/SSB00050029.wav,龙湖是最早进入孙河板块的企房企,speaker_a,zh
SSB00050030,wavs/SSB00050030.wav,为公益进行一次身体力行的贡献,speaker_a,zh
SSB00050031,wavs/SSB00050031.wav,能有组织地进行体育锻炼,speaker_a,zh
SSB00050032,wavs/SSB00050032.wav,特斯拉将全面支持新国标,speaker_a,zh
SSB00050033,wavs/SSB00050033.wav,是众辉体育以服务全国跑者为核心,speaker_a,zh
SSB00050034,wavs/SSB00050034.wav,实现社会资源的有效配置,speaker_a,zh
SSB00050035,wavs/SSB00050035.wav,推进信息化与工业化深度融合,speaker_a,zh
SSB00050036,wavs/SSB00050036.wav,深圳创新投董事长靳海涛表示,speaker_a,zh
SSB00050037,wavs/SSB00050037.wav,面对何时结婚的问题,speaker_a,zh
SSB00050038,wavs/SSB00050038.wav,价格已基本都在三万到六万之间,speaker_a,zh
SSB00050039,wavs/SSB00050039.wav,应尽量简化并购重组审核程序,speaker_a,zh
SSB00050040,wavs/SSB00050040.wav,预计二零一五年将超过五亿美元,speaker_a,zh
SSB00050041,wavs/SSB00050041.wav,请帮我搜一下爱你一万年这首歌曲,speaker_a,zh
SSB00050042,wavs/SSB00050042.wav,极速,speaker_a,zh
SSB00050043,wavs/SSB00050043.wav,四十八路无人售票,speaker_a,zh
SSB00050044,wavs/SSB00050044.wav,智慧城市无成熟商业模式,speaker_a,zh
SSB00050045,wavs/SSB00050045.wav,确认退出,speaker_a,zh
SSB00050046,wavs/SSB00050046.wav,义乌是电子政与务云的先行者,speaker_a,zh
SSB00050047,wavs/SSB00050047.wav,加快规模试验工作,speaker_a,zh
SSB00050048,wavs/SSB00050048.wav,姚明作为品牌的发起人,speaker_a,zh
SSB00050049,wavs/SSB00050049.wav,五百四十七,speaker_a,zh
SSB00050050,wavs/SSB00050050.wav,确认死者为一名女性,speaker_a,zh
SSB00050051,wavs/SSB00050051.wav,一路向北,speaker_a,zh
SSB00050052,wavs/SSB00050052.wav,四路无人售票第一人民医院站,speaker_a,zh
SSB00050053,wavs/SSB00050053.wav,关于篮球改革就是要各安其位,speaker_a,zh
SSB00050055,wavs/SSB00050055.wav,也许以后我们也会考虑,speaker_a,zh
SSB00050056,wavs/SSB00050056.wav,广州处置一起非法干扰航班事件二人轻伤,speaker_a,zh
SSB00050057,wavs/SSB00050057.wav,这几年我与姚基金走访了很多中西部贫困地区,speaker_a,zh
SSB00050058,wavs/SSB00050058.wav,听着会觉得很高大上两年后谈到智慧城市,speaker_a,zh
SSB00050059,wavs/SSB00050059.wav,深交所副总经理周明表示,speaker_a,zh
SSB00050060,wavs/SSB00050060.wav,自从二零一四年涉足跑步领域以来,speaker_a,zh
SSB00050061,wavs/SSB00050061.wav,供应的增加会加剧积压的风险,speaker_a,zh
SSB00050063,wavs/SSB00050063.wav,广州失踪女大学生浮尸流花湖警方立案侦查,speaker_a,zh
SSB00050064,wavs/SSB00050064.wav,广州小楼被立交圈三六零度包围系因赔偿谈不拢,speaker_a,zh
SSB00050065,wavs/SSB00050065.wav,创业板九十家新上市公司中,speaker_a,zh
SSB00050066,wavs/SSB00050066.wav,七路无人售票,speaker_a,zh
SSB00050067,wavs/SSB00050067.wav,给团队一个必须兑现的承诺,speaker_a,zh
SSB00050068,wavs/SSB00050068.wav,我说北京房价进入六万元时代,speaker_a,zh
SSB00050069,wavs/SSB00050069.wav,推出的一站式服务线上线下整合式平台,speaker_a,zh
SSB00050070,wavs/SSB00050070.wav,五百四十五万七千零,speaker_a,zh
SSB00050071,wavs/SSB00050071.wav,要本着服从国家利益,speaker_a,zh
SSB00050072,wavs/SSB00050072.wav,四季,speaker_a,zh
SSB00050074,wavs/SSB00050074.wav,地方政府企业投资方在接洽项目签订合约的同时,speaker_a,zh
SSB00050075,wavs/SSB00050075.wav,七月十日十二日,speaker_a,zh
SSB00050076,wavs/SSB00050076.wav,待未来完善的中国充电标准正式发布后,speaker_a,zh
SSB00050077,wavs/SSB00050077.wav,可以成为资本市场支持我国战略性新型产业的重要抓手,speaker_a,zh
SSB00050078,wavs/SSB00050078.wav,广州将建八个火车站高铁引入市中心,speaker_a,zh
SSB00050079,wavs/SSB00050079.wav,除了保利首开龙湖刚刚以四点五亿拿下地块之外,speaker_a,zh
SSB00050080,wavs/SSB00050080.wav,有些地方不仅设施缺乏,speaker_a,zh
SSB00050081,wavs/SSB00050081.wav,目前创业板市场已逐渐体现出自身特色,speaker_a,zh
SSB00050082,wavs/SSB00050082.wav,十五路无人售票,speaker_a,zh
SSB00050083,wavs/SSB00050083.wav,这些巨额土地出让金背后也对应着高昂的楼面价,speaker_a,zh
SSB00050084,wavs/SSB00050084.wav,五百四十零一千一百七十三,speaker_a,zh
SSB00050085,wavs/SSB00050085.wav,也讲述了面临的一些困惑,speaker_a,zh
SSB00050086,wavs/SSB00050086.wav,微博近三个月增加一百五十万人关注,speaker_a,zh
SSB00050087,wavs/SSB00050087.wav,它们的成交同比增长百分之二,speaker_a,zh
SSB00050088,wavs/SSB00050088.wav,电动汽车厂商特斯拉日前宣布,speaker_a,zh
SSB00050089,wavs/SSB00050089.wav,他发表长微博,speaker_a,zh
SSB00050090,wavs/SSB00050090.wav,国内篮球体制改革的社会关注度比较高,speaker_a,zh
SSB00050091,wavs/SSB00050091.wav,委办局之间信息壁垒现象非常严重,speaker_a,zh
SSB00050092,wavs/SSB00050092.wav,培养篮球苗子为国家队选送人才,speaker_a,zh
SSB00050093,wavs/SSB00050093.wav,充实孩子们的业余生活,speaker_a,zh
SSB00050095,wavs/SSB00050095.wav,大家都在琢磨如何在产品差异和服务上下更多功夫,speaker_a,zh
SSB00050096,wavs/SSB00050096.wav,兼顾一定会损害其中一方的利益,speaker_a,zh
SSB00050097,wavs/SSB00050097.wav,一路歌唱,speaker_a,zh
SSB00050098,wavs/SSB00050098.wav,一直,speaker_a,zh
SSB00050099,wavs/SSB00050099.wav,上述这些地块折合楼面价几乎均已达到五万元每平方米,speaker_a,zh
SSB00050100,wavs/SSB00050100.wav,随着中国成功获得二零一九年篮男篮世界杯的举办权,speaker_a,zh
SSB00050101,wavs/SSB00050101.wav,我的妈,speaker_a,zh
SSB00050102,wavs/SSB00050102.wav,时间都去哪儿啊,speaker_a,zh
SSB00050104,wavs/SSB00050104.wav,铁血豪情,speaker_a,zh
SSB00050105,wavs/SSB00050105.wav,来一首逆态度,speaker_a,zh
SSB00050106,wavs/SSB00050106.wav,结果是几块牌子为一个目标服务,speaker_a,zh
SSB00050107,wavs/SSB00050107.wav,解决信息孤岛的问题,speaker_a,zh
SSB00050108,wavs/SSB00050108.wav,还模仿歌神张学友唱歌带过,speaker_a,zh
SSB00050109,wavs/SSB00050109.wav,受金融及投资环境的影响,speaker_a,zh
SSB00050110,wavs/SSB00050110.wav,安全解救出被劫持的男童,speaker_a,zh
SSB00050111,wavs/SSB00050111.wav,创业板市场特征将会更加明显,speaker_a,zh
SSB00050112,wavs/SSB00050112.wav,即便是一些高价低廉的别墅项目,speaker_a,zh
SSB00050113,wavs/SSB00050113.wav,消除用户对于家庭安装能否实现的顾虑,speaker_a,zh
SSB00050114,wavs/SSB00050114.wav,大爱,speaker_a,zh
SSB00050115,wavs/SSB00050115.wav,人们就会轻视青少年普及篮球这个重要的务任务,speaker_a,zh
SSB00050116,wavs/SSB00050116.wav,于同一座城市花高价置办多套豪宅,speaker_a,zh
SSB00050117,wavs/SSB00050117.wav,有六十家公司为新兴产业上市公司,speaker_a,zh
SSB00050118,wavs/SSB00050118.wav,电音之王,speaker_a,zh
SSB00050119,wavs/SSB00050119.wav,体育总局该干的让体育总局干,speaker_a,zh
SSB00050120,wavs/SSB00050120.wav,市场对于家用电池的反应非常疯狂,speaker_a,zh
SSB00050121,wavs/SSB00050121.wav,事发工地目前已经停工,speaker_a,zh
SSB00050122,wavs/SSB00050122.wav,初步显示了创业板对新兴产业的培育作用,speaker_a,zh
SSB00050123,wavs/SSB00050123.wav,关于公益我们的任务是补及,speaker_a,zh
SSB00050124,wavs/SSB00050124.wav,新高新技术企业二百家,speaker_a,zh
SSB00050125,wavs/SSB00050125.wav,五百四十七万三千三百六十八,speaker_a,zh
SSB00050126,wavs/SSB00050126.wav,相关公司股票走势,speaker_a,zh
SSB00050127,wavs/SSB00050127.wav,他们刚刚曝出其位于顶楼的空中四合院产品,speaker_a,zh
SSB00050128,wavs/SSB00050128.wav,目前北京豪宅市场表面上热火朝天,speaker_a,zh
SSB00050129,wavs/SSB00050129.wav,怎么所有人都在做智慧城市,speaker_a,zh
SSB00050130,wavs/SSB00050130.wav,大力推动新一代信息技术产业加快发展,speaker_a,zh
SSB00050131,wavs/SSB00050131.wav,积极推动体制机制创新,speaker_a,zh
SSB00050132,wavs/SSB00050132.wav,发展过程中业绩波动也比较大,speaker_a,zh
SSB00050133,wavs/SSB00050133.wav,从长久来说没有办法持久,speaker_a,zh
SSB00050134,wavs/SSB00050134.wav,四十一路无人售票,speaker_a,zh
SSB00050135,wavs/SSB00050135.wav,他以搞笑方式,speaker_a,zh
SSB00050136,wavs/SSB00050136.wav,智慧城市究竟是做什么的现在提到在做智慧城市,speaker_a,zh
SSB00050137,wavs/SSB00050137.wav,来一首今生缘唱的演唱的最新,speaker_a,zh
SSB00050138,wavs/SSB00050138.wav,每个订单包括十个电池组,speaker_a,zh
SSB00050139,wavs/SSB00050139.wav,它们都是售价在七万元以下的,speaker_a,zh
SSB00050140,wavs/SSB00050140.wav,放一首儿童歌曲,speaker_a,zh
SSB00050141,wavs/SSB00050141.wav,六路无人售票,speaker_a,zh
SSB00050142,wavs/SSB00050142.wav,一向不太涉足高端产品的万科也加入进来,speaker_a,zh
SSB00050143,wavs/SSB00050143.wav,铁血男儿之省港大追击,speaker_a,zh
SSB00050144,wavs/SSB00050144.wav,来源搜狐体育,speaker_a,zh
SSB00050145,wavs/SSB00050145.wav,众辉体体育在短短两年间推出了多个健康跑品牌比赛,speaker_a,zh
SSB00050146,wavs/SSB00050146.wav,使得智慧城市系统性不够,speaker_a,zh
SSB00050147,wavs/SSB00050147.wav,它们变成了宣传单上的一座座豪宅,speaker_a,zh
SSB00050148,wavs/SSB00050148.wav,这是完全分割的两个项目,speaker_a,zh
SSB00050149,wavs/SSB00050149.wav,使参与者获得一份值得炫耀的荣誉,speaker_a,zh
SSB00050150,wavs/SSB00050150.wav,特斯拉一直以来都在积极参与国标修订的各项工作,speaker_a,zh
SSB00050152,wavs/SSB00050152.wav,投资方面也存在一些难题,speaker_a,zh
SSB00050153,wavs/SSB00050153.wav,九月一四日一六时四一分,speaker_a,zh
SSB00050154,wavs/SSB00050154.wav,柯文婷已被找到并联系上,speaker_a,zh
SSB00050155,wavs/SSB00050155.wav,要深入贯彻确落实科学发展观,speaker_a,zh
SSB00050156,wavs/SSB00050156.wav,四四岁的奥德拉嫚当娜曾六度获得托尼奖,speaker_a,zh
SSB00050157,wavs/SSB00050157.wav,罗志祥在真人秀节目中努力表现,speaker_a,zh
SSB00050158,wavs/SSB00050158.wav,苏打绿小情歌,speaker_a,zh
SSB00050159,wavs/SSB00050159.wav,目前孙河板块儿的竞争已经很明显,speaker_a,zh
SSB00050160,wavs/SSB00050160.wav,从一开始就透露出诸多疑点,speaker_a,zh
SSB00050161,wavs/SSB00050161.wav,图为警方当时在搜集现场证据,speaker_a,zh
SSB00050162,wavs/SSB00050162.wav,努力实现新一代信息技术产业核心关键技术的突破,speaker_a,zh
SSB00050163,wavs/SSB00050163.wav,一百家创业板上市公司属于战略性新兴产业,speaker_a,zh
SSB00050164,wavs/SSB00050164.wav,前后已经有三批共计二百九十个试点城市,speaker_a,zh
SSB00050165,wavs/SSB00050165.wav,被雷击中的樟树树前是游客躲雨的小木屋,speaker_a,zh
SSB00050166,wavs/SSB00050166.wav,懋源地产九亿拿下孙河另一块地,speaker_a,zh
SSB00050167,wavs/SSB00050167.wav,引进与激励人才是公司最需要解决的问题,speaker_a,zh
SSB00050168,wavs/SSB00050168.wav,在随后的分析师提问环节,speaker_a,zh
SSB00050170,wavs/SSB00050170.wav,智能交通医疗养老审批等相关应用在不断落地,speaker_a,zh
SSB00050171,wavs/SSB00050171.wav,广州将出台房屋租赁管理条例专家切忌一切一刀切,speaker_a,zh
SSB00050172,wavs/SSB00050172.wav,如约巴士的主界面功能丰富,speaker_a,zh
SSB00050173,wavs/SSB00050173.wav,战略性新兴产业企业经营风险相对来讲比较大,speaker_a,zh
SSB00050174,wavs/SSB00050174.wav,昨日记者从广州市住房保障办获悉,speaker_a,zh
SSB00050175,wavs/SSB00050175.wav,来一首哥有老婆,speaker_a,zh
SSB00050176,wavs/SSB00050176.wav,年纪约二零至三零岁,speaker_a,zh
SSB00050178,wavs/SSB00050178.wav,五百四十二万四千五百二十二,speaker_a,zh
SSB00050179,wavs/SSB00050179.wav,我觉得社会上每个人每个机构都有功能性,speaker_a,zh
SSB00050180,wavs/SSB00050180.wav,五百五十,speaker_a,zh
SSB00050181,wavs/SSB00050181.wav,三路无人售票第一人民医院站,speaker_a,zh
SSB00050182,wavs/SSB00050182.wav,小鱼正在路边吃云吞,speaker_a,zh
SSB00050183,wavs/SSB00050183.wav,信息孤岛是我国智能城市建设中通病,speaker_a,zh
SSB00050184,wavs/SSB00050184.wav,来听听,speaker_a,zh
SSB00050185,wavs/SSB00050185.wav,四十二路无人售票,speaker_a,zh
SSB00050186,wavs/SSB00050186.wav,特斯拉还宣布正式推出家庭充电免费预勘测服务,speaker_a,zh
SSB00050187,wavs/SSB00050187.wav,特斯拉官网官微被黑客劫持宣布免费送车,speaker_a,zh
SSB00050188,wavs/SSB00050188.wav,使之成为先导性支柱性产业,speaker_a,zh
SSB00050189,wavs/SSB00050189.wav,人文和国际化气氛的马拉松赛事,speaker_a,zh
SSB00050190,wavs/SSB00050190.wav,我的朋友,speaker_a,zh
SSB00050191,wavs/SSB00050191.wav,但是在行政体制当中,speaker_a,zh
SSB00050192,wavs/SSB00050192.wav,谈到这个他已经连续参与四届的校园篮球活动,speaker_a,zh
SSB00050193,wavs/SSB00050193.wav,保利首开龙湖四点五亿拿下东坝地块,speaker_a,zh
SSB00050194,wavs/SSB00050194.wav,五百四十,speaker_a,zh
SSB00050195,wavs/SSB00050195.wav,连体育老师都是兼职,speaker_a,zh
SSB00050196,wavs/SSB00050196.wav,而我们的性格也会带着我们走向自己所要去的方向,speaker_a,zh
SSB00050197,wavs/SSB00050197.wav,在审核理念上要有所创新,speaker_a,zh
SSB00050198,wavs/SSB00050198.wav,四十八路无人售票,speaker_a,zh
SSB00050199,wavs/SSB00050199.wav,同比增长迅速,speaker_a,zh
SSB00050200,wavs/SSB00050200.wav,一此前还有利锦府和首开常春藤,speaker_a,zh
SSB00050201,wavs/SSB00050201.wav,正在积极参与中国新充电标准的制定,speaker_a,zh
SSB00050202,wavs/SSB00050202.wav,义乌市委常务副市长王小颖直言,speaker_a,zh
SSB00050203,wavs/SSB00050203.wav,广州少女遭亲父猥猥亵母亲你爸被关我怎么办,speaker_a,zh
SSB00050204,wavs/SSB00050204.wav,仍获大批粉丝支持,speaker_a,zh
SSB00050205,wavs/SSB00050205.wav,六万元到七万元的有七个,speaker_a,zh
SSB00050206,wavs/SSB00050206.wav,目前中国正在修订关于充电的五项重要国家标准,speaker_a,zh
SSB00050207,wavs/SSB00050207.wav,智慧城市需要基础创新,speaker_a,zh
SSB00050209,wavs/SSB00050209.wav,远高于其他产业公司百分之三十增长率,speaker_a,zh
SSB00050210,wavs/SSB00050210.wav,他在二十日早上戴着墨镜黑口罩低调现身桃园机场,speaker_a,zh
SSB00050211,wavs/SSB00050211.wav,南城的天气既经历了白天的炙热高温,speaker_a,zh
SSB00050212,wavs/SSB00050212.wav,客群的减少使得豪宅的未来堪忧,speaker_a,zh
SSB00050213,wavs/SSB00050213.wav,更多的豪宅还在锅里,speaker_a,zh
SSB00050214,wavs/SSB00050214.wav,五百四十三万两千三百九十七,speaker_a,zh
SSB00050215,wavs/SSB00050215.wav,但地方政府缺乏顶层制度规划,speaker_a,zh
SSB00050216,wavs/SSB00050216.wav,来一首生日快乐歌,speaker_a,zh
SSB00050217,wavs/SSB00050217.wav,她已经坐在车顶超过了二零个小时,speaker_a,zh
SSB00050218,wavs/SSB00050218.wav,为用户免费现场勘查其家庭充电安装环境,speaker_a,zh
SSB00050219,wavs/SSB00050219.wav,接下来的两周时间里,speaker_a,zh
SSB00050220,wavs/SSB00050220.wav,推进公司产业化国际化,speaker_a,zh
SSB00050221,wavs/SSB00050221.wav,预计二零一六年上半年底才能达到这个产量,speaker_a,zh
SSB00050222,wavs/SSB00050222.wav,出让的土地为政府带来了接近四亿千亿的收入,speaker_a,zh
SSB00050223,wavs/SSB00050223.wav,造成超募资金闲置而自有资金紧张的矛盾,speaker_a,zh
SSB00050224,wavs/SSB00050224.wav,但在落实电子政务的过程中,speaker_a,zh
SSB00050225,wavs/SSB00050225.wav,一一一零报警服务台接群众报警,speaker_a,zh
SSB00050226,wavs/SSB00050226.wav,五百五十九万两千四百三十九,speaker_a,zh
SSB00050228,wavs/SSB00050228.wav,支持新兴产业力度显著,speaker_a,zh
SSB00050229,wavs/SSB00050229.wav,产品也几乎都以别野为主,speaker_a,zh
SSB00050230,wavs/SSB00050230.wav,五百四十二万二千五百三十六,speaker_a,zh
SSB00050231,wavs/SSB00050231.wav,掀起了公司跑步事业的序幕,speaker_a,zh
SSB00050232,wavs/SSB00050232.wav,五百四十五万八千两百四十九,speaker_a,zh
SSB00050233,wavs/SSB00050233.wav,我认为需要进行功能性的隔离,speaker_a,zh
SSB00050234,wavs/SSB00050234.wav,都是通过各种手段普及篮球,speaker_a,zh
SSB00050235,wavs/SSB00050235.wav,用户需要的是一款伟大的智能汽车,speaker_a,zh
SSB00050236,wavs/SSB00050236.wav,龙梅子,speaker_a,zh
SSB00050237,wavs/SSB00050237.wav,五百四十三,speaker_a,zh
SSB00050238,wavs/SSB00050238.wav,五百四十九,speaker_a,zh
SSB00050240,wavs/SSB00050240.wav,创业板给一批创新型企业装上腾飞的翅膀,speaker_a,zh
SSB00050241,wavs/SSB00050241.wav,他走访很多地区的体育课还都还处于放羊状态,speaker_a,zh
SSB00050242,wavs/SSB00050242.wav,至于面对女友整型的话题,speaker_a,zh
SSB00050243,wavs/SSB00050243.wav,北京土地市场在时隔一个多月后再次开闸,speaker_a,zh
SSB00050244,wavs/SSB00050244.wav,深交所创业板公司管理部总监傅炳辉表示,speaker_a,zh
SSB00050245,wavs/SSB00050245.wav,创业板公司严重依赖于创新型人才,speaker_a,zh
SSB00050246,wavs/SSB00050246.wav,称流花湖公园一小水池内发现一遗失浮尸,speaker_a,zh
SSB00050247,wavs/SSB00050247.wav,这是周扬青与他约会的爱巢,speaker_a,zh
SSB00050248,wavs/SSB00050248.wav,闽南语歌曲,speaker_a,zh
SSB00050249,wavs/SSB00050249.wav,广州婆婆砍死儿媳续上周才摆了满月酒,speaker_a,zh
SSB00050250,wavs/SSB00050250.wav,中铁建联手方兴五十点五亿拿下丰台石榴庄地块,speaker_a,zh
SSB00050251,wavs/SSB00050251.wav,创业板公司的特征是单一,speaker_a,zh
SSB00050252,wavs/SSB00050252.wav,邓紫棋存在,speaker_a,zh
SSB00050253,wavs/SSB00050253.wav,而自他们进入这个区域以来,speaker_a,zh
SSB00050254,wavs/SSB00050254.wav,五十三路无人售票,speaker_a,zh
SSB00050255,wavs/SSB00050255.wav,这意味着他们不太可能在短期之内,speaker_a,zh
SSB00050256,wavs/SSB00050256.wav,倡导跑步也是一项团队运动,speaker_a,zh
SSB00050257,wavs/SSB00050257.wav,改革需要撇弃大而全的思维,speaker_a,zh
SSB00050259,wavs/SSB00050259.wav,同时发布了数条恶搞无厘头内容,speaker_a,zh
SSB00050260,wavs/SSB00050260.wav,大量的供应已经在路上了,speaker_a,zh
SSB00050261,wavs/SSB00050261.wav,确定关闭,speaker_a,zh
SSB00050262,wavs/SSB00050262.wav,试点城市应有网络基础设施相关的公共平台和数据库,speaker_a,zh
SSB00050263,wavs/SSB00050263.wav,公用电话,speaker_a,zh
SSB00050264,wavs/SSB00050264.wav,夜空中最亮的星,speaker_a,zh
SSB00050265,wavs/SSB00050265.wav,给技术应用造成障碍,speaker_a,zh
SSB00050266,wavs/SSB00050266.wav,铁血坚持,speaker_a,zh
SSB00050267,wavs/SSB00050267.wav,五百四十九万六千七百七十一,speaker_a,zh
SSB00050268,wavs/SSB00050268.wav,小编将继续关注该案相关进展,speaker_a,zh
SSB00050269,wavs/SSB00050269.wav,来首邓紫棋的存在,speaker_a,zh
SSB00050270,wavs/SSB00050270.wav,随着越来越多的房企进驻这个区域,speaker_a,zh
SSB00050271,wavs/SSB00050271.wav,茗春茶业,speaker_a,zh
SSB00050272,wavs/SSB00050272.wav,引起众人高度关注,speaker_a,zh
SSB00050273,wavs/SSB00050273.wav,孩子在操场漫无目的地嬉戏打闹,speaker_a,zh
SSB00050274,wavs/SSB00050274.wav,广州工地塔吊吊臂坠落致四死负责人已被警方控制,speaker_a,zh
SSB00050275,wavs/SSB00050275.wav,企业板公司上市募集的资金多而使用效率较低,speaker_a,zh
SSB00050276,wavs/SSB00050276.wav,已上市战略性新兴产业公司的成长性较高,speaker_a,zh
SSB00050277,wavs/SSB00050277.wav,五百五十二万零四百零四,speaker_a,zh
SSB00050278,wavs/SSB00050278.wav,从而引导资金人才支持中国产业结构长期升级与优化,speaker_a,zh
SSB00050279,wavs/SSB00050279.wav,铁血男儿,speaker_a,zh
SSB00050280,wavs/SSB00050280.wav,广州日报记者从其父亲处得到核实,speaker_a,zh
SSB00050281,wavs/SSB00050281.wav,姚明以篮球青少年培养举例,speaker_a,zh
SSB00050282,wavs/SSB00050282.wav,该区域过去因为交通和配套落后而不受重视,speaker_a,zh
SSB00050283,wavs/SSB00050283.wav,我们选择的功能就是做普及性,speaker_a,zh
SSB00050284,wavs/SSB00050284.wav,达到两千套以上,speaker_a,zh
SSB00050285,wavs/SSB00050285.wav,特斯拉家用电池卖疯了一周内已获近四万预订,speaker_a,zh
SSB00050286,wavs/SSB00050286.wav,我国目前有超过五百个城市试点智慧城市,speaker_a,zh
SSB00050287,wavs/SSB00050287.wav,工作人员在舱房内整理床铺,speaker_a,zh
SSB00050288,wavs/SSB00050288.wav,五百四十一万三千二百四十八,speaker_a,zh
SSB00050289,wavs/SSB00050289.wav,新华社记者郑昕张晨俊,speaker_a,zh
SSB00050291,wavs/SSB00050291.wav,果断开枪击伤该嫌疑男子,speaker_a,zh
SSB00050292,wavs/SSB00050292.wav,随着高价地块的不断成交,speaker_a,zh
SSB00050295,wavs/SSB00050295.wav,在成交的五十套中,speaker_a,zh
SSB00050296,wavs/SSB00050296.wav,所有环节亲力亲为的负担显而易见,speaker_a,zh
SSB00050297,wavs/SSB00050297.wav,欺诈信息也都删除了,speaker_a,zh
SSB00050298,wavs/SSB00050298.wav,电动汽车厂商特斯拉日前宣布,speaker_a,zh
SSB00050299,wavs/SSB00050299.wav,正确把握信息技术发展趋势,speaker_a,zh
SSB00050300,wavs/SSB00050300.wav,龙洞婆婆砍死媳妇事发现场,speaker_a,zh
SSB00050301,wavs/SSB00050301.wav,越秀警方迅速安排警力到场置处置,speaker_a,zh
SSB00050302,wavs/SSB00050302.wav,上海浦东国际女半程马拉松,speaker_a,zh
SSB00050303,wavs/SSB00050303.wav,五百五十九,speaker_a,zh
SSB00050304,wavs/SSB00050304.wav,这项运动也会慢慢成为我们生活的习惯,speaker_a,zh
SSB00050305,wavs/SSB00050305.wav,卑微,speaker_a,zh
SSB00050306,wavs/SSB00050306.wav,别怕我伤心,speaker_a,zh
SSB00050307,wavs/SSB00050307.wav,多一点,speaker_a,zh
SSB00050308,wavs/SSB00050308.wav,四十一路无人售票,speaker_a,zh
SSB00050309,wavs/SSB00050309.wav,广州大二女生失联校方称查无此人就读记录,speaker_a,zh
SSB00050310,wavs/SSB00050310.wav,小猪向来以买房购地来孝顺母亲及投资理财,speaker_a,zh
SSB00050311,wavs/SSB00050311.wav,巧妙回避感情问题,speaker_a,zh
SSB00050312,wavs/SSB00050312.wav,供应将比今年翻一倍,speaker_a,zh
SSB00050313,wavs/SSB00050313.wav,替我退出,speaker_a,zh
SSB00050314,wavs/SSB00050314.wav,我们的问题是拼凑太紧密,speaker_a,zh
SSB00050315,wavs/SSB00050315.wav,就可以获得一部免费的特斯拉电动车,speaker_a,zh
SSB00050316,wavs/SSB00050316.wav,亚豪机构的分析师郭毅也认同这样的观点,speaker_a,zh
SSB00050317,wavs/SSB00050317.wav,铁血汗青,speaker_a,zh
SSB00050318,wavs/SSB00050318.wav,以及星际迷航舰长的扮演者克里斯派恩,speaker_a,zh
SSB00050319,wavs/SSB00050319.wav,这七个单价超过六万元的楼盘中,speaker_a,zh
SSB00050320,wavs/SSB00050320.wav,是一位演技备受肯定的女演员,speaker_a,zh
SSB00050321,wavs/SSB00050321.wav,以及有关篮球管办分离的讨论都是热点,speaker_a,zh
SSB00050322,wavs/SSB00050322.wav,目前拥有台湾等九处房产,speaker_a,zh
SSB00050323,wavs/SSB00050323.wav,现在技术足以支撑智慧城市的建设,speaker_a,zh
SSB00050324,wavs/SSB00050324.wav,七路无人售票,speaker_a,zh
SSB00050325,wavs/SSB00050325.wav,还有女孩儿为何一直称自称为华师学生学校却查无此人,speaker_a,zh
SSB00050326,wavs/SSB00050326.wav,今年肯定消化不了这么多订量单,speaker_a,zh
SSB00050327,wavs/SSB00050327.wav,放下,speaker_a,zh
SSB00050328,wavs/SSB00050328.wav,顺昌船舶机电供应站,speaker_a,zh
SSB00050329,wavs/SSB00050329.wav,铁血少年,speaker_a,zh
SSB00050330,wavs/SSB00050330.wav,豪宅项目在某些特定区域将越来越多,speaker_a,zh
SSB00050332,wavs/SSB00050332.wav,七万元到九万元的有六个,speaker_a,zh
SSB00050333,wavs/SSB00050333.wav,同比增长迅速,speaker_a,zh
SSB00050334,wavs/SSB00050334.wav,称在增城区某房屋内有男子劫持他人,speaker_a,zh
SSB00050335,wavs/SSB00050335.wav,深交所副总经理中明指出,speaker_a,zh
SSB00050336,wavs/SSB00050336.wav,我喜欢你,speaker_a,zh
SSB00050337,wavs/SSB00050337.wav,深交所召开创业板与战略性新兴产业研讨会,speaker_a,zh
SSB00050338,wavs/SSB00050338.wav,以一场跑二十四小时城市接力赛,speaker_a,zh
SSB00050339,wavs/SSB00050339.wav,单价超过一万零元每平方米有三个,speaker_a,zh
SSB00050340,wavs/SSB00050340.wav,不仅是花季女孩儿突然失联去向如何,speaker_a,zh
SSB00050341,wavs/SSB00050341.wav,五百五十八万九千零八十六,speaker_a,zh
SSB00050342,wavs/SSB00050342.wav,也面临很多信息壁壁垒的问题,speaker_a,zh
SSB00050343,wavs/SSB00050343.wav,铁血莲花,speaker_a,zh
SSB00050344,wavs/SSB00050344.wav,各自承担各自的责任,speaker_a,zh
SSB00050345,wavs/SSB00050345.wav,确定退出,speaker_a,zh
SSB00050346,wavs/SSB00050346.wav,特斯拉有没有可能从汽车行业转型,speaker_a,zh
SSB00050347,wavs/SSB00050347.wav,龙湖双珑原著一位项目负责人告诉界面新闻记者,speaker_a,zh
SSB00050348,wavs/SSB00050348.wav,因为体育是教育中非常重要的一部分,speaker_a,zh
SSB00050349,wavs/SSB00050349.wav,高清宁泽涛凯旋贺电挂满训训练基地,speaker_a,zh
SSB00050350,wavs/SSB00050350.wav,铁血青春,speaker_a,zh
SSB00050351,wavs/SSB00050351.wav,八十八路无人售票,speaker_a,zh
SSB00050352,wavs/SSB00050352.wav,创投公司发展方向更加明确,speaker_a,zh
SSB00050354,wavs/SSB00050354.wav,而在面对媒体追问他与女友周扬青之事时,speaker_a,zh
SSB00050355,wavs/SSB00050355.wav,因此总计为二点五万个,speaker_a,zh
SSB00050356,wavs/SSB00050356.wav,创业板已有上市公司,speaker_a,zh
SSB00050357,wavs/SSB00050357.wav,这样反倒容易产生意外,speaker_a,zh
SSB00050358,wavs/SSB00050358.wav,成为推动篮球普及并行不博的两种方式,speaker_a,zh
SSB00050359,wavs/SSB00050359.wav,一位豪宅项目负责人告诉界面新闻记者,speaker_a,zh
SSB00050360,wavs/SSB00050360.wav,高价化趋势背后必然是房企之间更惨烈的竞争,speaker_a,zh
SSB00050361,wavs/SSB00050361.wav,正积极参与中国新充电标准的制定,speaker_a,zh
SSB00050362,wavs/SSB00050362.wav,东莞南城彭眼市场门口,speaker_a,zh
SSB00050363,wavs/SSB00050363.wav,中粮瑞府等高端项目陆续进驻,speaker_a,zh
SSB00050364,wavs/SSB00050364.wav,随着规模进一步扩大和结构不断优化,speaker_a,zh
SSB00050365,wavs/SSB00050365.wav,又有晚上的倾盆大雨,speaker_a,zh
SSB00050366,wavs/SSB00050366.wav,市价约三点二亿约六十二零零万人民币,speaker_a,zh
SSB00050368,wavs/SSB00050368.wav,近身肉搏已经可以预见,speaker_a,zh
SSB00050369,wavs/SSB00050369.wav,十三路无人售票,speaker_a,zh
SSB00050370,wavs/SSB00050370.wav,南京市常务副市长刘以安表示,speaker_a,zh
SSB00050371,wavs/SSB00050371.wav,五百四十五万九千九百八十一,speaker_a,zh
SSB00050372,wavs/SSB00050372.wav,强化网络与信息安全管理,speaker_a,zh
SSB00050373,wavs/SSB00050373.wav,笔晨文具,speaker_a,zh
SSB00050374,wavs/SSB00050374.wav,从二零一二年末我国开启国家智慧城市试点工作至今,speaker_a,zh
SSB00050375,wavs/SSB00050375.wav,近日起源于日本的胶囊旅馆在河南郑州悄然兴起,speaker_a,zh
SSB00050376,wavs/SSB00050376.wav,小蜗牛和黄鹂鸟歌,speaker_a,zh
SSB00050377,wavs/SSB00050377.wav,特斯拉在中国采购费用达到二点五亿美元,speaker_a,zh
SSB00050378,wavs/SSB00050378.wav,广州妙龄女露宿街头一个多月自称痴因车祸失忆,speaker_a,zh
SSB00050379,wavs/SSB00050379.wav,李代沫简单的事,speaker_a,zh
SSB00050380,wavs/SSB00050380.wav,导致城市治理不能横向打通,speaker_a,zh
SSB00050381,wavs/SSB00050381.wav,一个人的情歌,speaker_a,zh
SSB00050382,wavs/SSB00050382.wav,要继续支持公司的发展,speaker_a,zh
SSB00050383,wavs/SSB00050383.wav,努力培育并做强做大信息技术产业,speaker_a,zh
SSB00050384,wavs/SSB00050384.wav,真彩中介,speaker_a,zh
SSB00050385,wavs/SSB00050385.wav,需要关注企业长远发展前景和正真正价值所在,speaker_a,zh
SSB00050386,wavs/SSB00050386.wav,郭志明给儿子批改暑期作业,speaker_a,zh
SSB00050387,wavs/SSB00050387.wav,追求又大又全就会失去主攻方向,speaker_a,zh
SSB00050388,wavs/SSB00050388.wav,今日剧情更是出现重重大反转,speaker_a,zh
SSB00050389,wavs/SSB00050389.wav,也使得智慧城市效果不佳,speaker_a,zh
SSB00050390,wavs/SSB00050390.wav,易居研究院将北京六万元以上的住宅视为豪宅,speaker_a,zh
SSB00050391,wavs/SSB00050391.wav,广州增近九万户进入住房保障线,speaker_a,zh
SSB00050392,wavs/SSB00050392.wav,同样的情况也出现在东坝板块儿,speaker_a,zh
SSB00050393,wavs/SSB00050393.wav,玉兰眼镜南大街店,speaker_a,zh
SSB00050394,wavs/SSB00050394.wav,狂草,speaker_a,zh
SSB00050395,wavs/SSB00050395.wav,商品房价格水涨船高,speaker_a,zh
SSB00050397,wavs/SSB00050397.wav,死者待大学城体育中心内的自行车馆一男厕被发现,speaker_a,zh
SSB00050398,wavs/SSB00050398.wav,中国篮球可能会迎来一段快速发展的时期,speaker_a,zh
SSB00050399,wavs/SSB00050399.wav,现代化的运行机制需要有各种功能的机构并拼凑在一起,speaker_a,zh
SSB00050400,wavs/SSB00050400.wav,所谓一套人马几块牌子,speaker_a,zh
SSB00050401,wavs/SSB00050401.wav,这是一场全面体现浦东的标志性建筑固景观,speaker_a,zh
SSB00050402,wavs/SSB00050402.wav,但如果所有的目的都指向国家队,speaker_a,zh
SSB00050403,wavs/SSB00050403.wav,他们需要在产品和寻求客群上花费更多精力,speaker_a,zh
SSB00050404,wavs/SSB00050404.wav,而建设充电配套设施也是一笔庞大的支出,speaker_a,zh
SSB00050405,wavs/SSB00050405.wav,近年来因为配建自住房和未来使馆区的规划,speaker_a,zh
SSB00050406,wavs/SSB00050406.wav,中新网九月二十二日电据台湾媒体报道,speaker_a,zh
SSB00050407,wavs/SSB00050407.wav,铁血将军杨靖宇,speaker_a,zh
SSB00050409,wavs/SSB00050409.wav,北京房地产协会秘书长陈志认为,speaker_a,zh
SSB00050410,wavs/SSB00050410.wav,正是面临的种种问题,speaker_a,zh
SSB00050411,wavs/SSB00050411.wav,加强城市规划建设和管理的新模式,speaker_a,zh
SSB00050412,wavs/SSB00050412.wav,特斯拉的商业模式却越来越难以复制,speaker_a,zh
SSB00050413,wavs/SSB00050413.wav,七路无人售票,speaker_a,zh
SSB00050414,wavs/SSB00050414.wav,事件正在进一步调查中,speaker_a,zh
SSB00050415,wavs/SSB00050415.wav,好听的音乐,speaker_a,zh
SSB00050416,wavs/SSB00050416.wav,越秀警方接到群众报警,speaker_a,zh
SSB00050417,wavs/SSB00050417.wav,在不到一周的时间内,speaker_a,zh
SSB00050418,wavs/SSB00050418.wav,大力推进广电电信业务双向进入,speaker_a,zh
SSB00050419,wavs/SSB00050419.wav,加快实现电信网广播电视网互联网融合发展,speaker_a,zh
SSB00050420,wavs/SSB00050420.wav,金融机构难介入或者有机构有资金跟进,speaker_a,zh
SSB00050421,wavs/SSB00050421.wav,目标意在覆盖全国含港澳台地区的七百个城市,speaker_a,zh
SSB00050422,wavs/SSB00050422.wav,铁血惊魂,speaker_a,zh
SSB00050423,wavs/SSB00050423.wav,全面提升经济社会信息化水平,speaker_a,zh
SSB00050424,wavs/SSB00050424.wav,十五路无人售票,speaker_a,zh
SSB00050425,wavs/SSB00050425.wav,二胡独奏,speaker_a,zh
SSB00050426,wavs/SSB00050426.wav,应从战略高度认识发展战略性新兴产业的重大意义,speaker_a,zh
SSB00050427,wavs/SSB00050427.wav,政府各部门信息条块分割,speaker_a,zh
SSB00050428,wavs/SSB00050428.wav,五百四十零四千七百二十八,speaker_a,zh
SSB00050429,wavs/SSB00050429.wav,过高的预订量意味着消费者需要等待很长时间,speaker_a,zh
SSB00050430,wavs/SSB00050430.wav,南都讯记者何永华今日上午一一点,speaker_a,zh
SSB00050431,wavs/SSB00050431.wav,一路无人售票第一人民医院站,speaker_a,zh
SSB00050432,wavs/SSB00050432.wav,目前购买豪宅项目的业主基本都是用于自住,speaker_a,zh
SSB00050433,wavs/SSB00050433.wav,其特征将会更加鲜明,speaker_a,zh
SSB00050434,wavs/SSB00050434.wav,增城警方迅速到场处置,speaker_a,zh
SSB00050435,wavs/SSB00050435.wav,刚刚爆出地王的孙河和东坝就是这种西趋势中的典型,speaker_a,zh
SSB00050436,wavs/SSB00050436.wav,但多名参与智能城市建设实践的官员均表示,speaker_a,zh
SSB00050437,wavs/SSB00050437.wav,才能够拿到家用电池,speaker_a,zh
SSB00050438,wavs/SSB00050438.wav,五百四十七万零五百六十,speaker_a,zh
SSB00050439,wavs/SSB00050439.wav,中一眼镜儿,speaker_a,zh
SSB00050440,wavs/SSB00050440.wav,五百五十二,speaker_a,zh
SSB00050441,wavs/SSB00050441.wav,应宽现有现有股权激励制度中的诸多约束等,speaker_a,zh
SSB00050442,wavs/SSB00050442.wav,称对网友路人转粉丝的现象十分高兴,speaker_a,zh
SSB00050443,wavs/SSB00050443.wav,将该女子摆布衣服的铁架查扣,speaker_a,zh
SSB00050444,wavs/SSB00050444.wav,更要打破行政的壁垒,speaker_a,zh
SSB00050445,wavs/SSB00050445.wav,失联女孩儿柯文婷的事,speaker_a,zh
SSB00050446,wavs/SSB00050446.wav,时间都去哪了,speaker_a,zh
SSB00050447,wavs/SSB00050447.wav,五百四十二,speaker_a,zh
SSB00050448,wavs/SSB00050448.wav,即将于二零一六年落地中国,speaker_a,zh
SSB00050449,wavs/SSB00050449.wav,播放一首歌小伙伴们都惊呆了,speaker_a,zh
SSB00050450,wavs/SSB00050450.wav,广州如约巴士上线九条线路今起开行票价最低一分钱,speaker_a,zh
SSB00050451,wavs/SSB00050451.wav,带来超过一千套的供应量,speaker_a,zh
SSB00050452,wavs/SSB00050452.wav,警方正抓紧开展对犯罪嫌疑人审查工作,speaker_a,zh
SSB00050453,wavs/SSB00050453.wav,五百三十一万七千四百一十七,speaker_a,zh
SSB00050454,wavs/SSB00050454.wav,四十三路无人售票第一人民医院站,speaker_a,zh
SSB00050455,wavs/SSB00050455.wav,也在讨论国内智慧城市发展面临的各种问题,speaker_a,zh
SSB00050456,wavs/SSB00050456.wav,这和我们传统上体育教育意识的缺乏有关,speaker_a,zh
SSB00050457,wavs/SSB00050457.wav,上市后从单一向复合型企业发展面临不少矛盾,speaker_a,zh
SSB00050458,wavs/SSB00050458.wav,甚至一些在空间和地段上有缺陷的楼盘,speaker_a,zh
SSB00050459,wavs/SSB00050459.wav,电音,speaker_a,zh
SSB00050460,wavs/SSB00050460.wav,五路无人售票,speaker_a,zh
SSB00050461,wavs/SSB00050461.wav,安眠,speaker_a,zh
SSB00050462,wavs/SSB00050462.wav,他拿出幽默的本领,speaker_a,zh
SSB00050463,wavs/SSB00050463.wav,我好喜欢你,speaker_a,zh
SSB00050464,wavs/SSB00050464.wav,他被匿名开另一个微博帐号安慰女友给爷笑个,speaker_a,zh
SSB00050465,wavs/SSB00050465.wav,促进物联网云计算的研究应用,speaker_a,zh
SSB00050466,wavs/SSB00050466.wav,也都打出了豪宅的旗号,speaker_a,zh
SSB00050467,wavs/SSB00050467.wav,草原歌曲,speaker_a,zh
SSB00050468,wavs/SSB00050468.wav,修改新生产车辆以符合新国标的规定,speaker_a,zh
SSB00050469,wavs/SSB00050469.wav,推进三网融合是党中央国务院做出的一项重大决策,speaker_a,zh
SSB00050470,wavs/SSB00050470.wav,但两者目的是一样的,speaker_a,zh
SSB00050471,wavs/SSB00050471.wav,五百四十七万一千四百六十八,speaker_a,zh
SSB00050473,wavs/SSB00050473.wav,获得不少好评,speaker_a,zh
SSB00050474,wavs/SSB00050474.wav,确定关闭,speaker_a,zh
SSB00050475,wavs/SSB00050475.wav,要加快建设宽带融合安全的信息网络基础设置,speaker_a,zh
SSB00050476,wavs/SSB00050476.wav,二零一五年北京四个入市的纯新盘中,speaker_a,zh
SSB00050477,wavs/SSB00050477.wav,来一首黄家驹的真的爱你,speaker_a,zh
SSB00050479,wavs/SSB00050479.wav,才能在保证安全的前提下锻炼身心,speaker_a,zh
SSB00050480,wavs/SSB00050480.wav,特斯拉充电团队将安排专业的电工技术人员,speaker_a,zh
SSB00050481,wavs/SSB00050481.wav,创业板要支持这类企业发展,speaker_a,zh
SSB00050482,wavs/SSB00050482.wav,捷安特南大街自行车专卖店,speaker_a,zh
SSB00050483,wavs/SSB00050483.wav,保利联手首开八亿拿下孙河地块,speaker_a,zh
SSB00050484,wavs/SSB00050484.wav,这些习惯也会成为我们的性格,speaker_a,zh
SSB00050485,wavs/SSB00050485.wav,有各条线的行政命令,speaker_a,zh
SSB00050486,wavs/SSB00050486.wav,广州失踪女大学生浮尸流花湖嫌疑犯被抓,speaker_a,zh
SSB00050487,wavs/SSB00050487.wav,是获得该奖最多的女演员,speaker_a,zh
SSB00050488,wavs/SSB00050488.wav,三十八路无人售票,speaker_a,zh
SSB00050489,wavs/SSB00050489.wav,警方抓获犯罪嫌疑人郑某外号阿狗,speaker_a,zh
SSB00050490,wavs/SSB00050490.wav,特斯拉官方网站也被黑客攻击了,speaker_a,zh
